date,location,new_cases,d_0,new_deaths,new_deaths_c,new_deaths_nc,new_tests_poz,new_recoveries,new_quarantine,new_tests,new_tests_plus,new_tests_minus,new_tests_other
2020-12-24,Dolnośląskie,742,2,26,18,8,832,549,12025,3379,860,2461,58
2020-12-25,Dolnośląskie,474,1,10,8,2,324,718,11597,1967,505,1436,26
2020-12-26,Dolnośląskie,219,0,0,0,0,5,595,10726,1060,260,788,12
2020-12-27,Dolnośląskie,153,0,0,0,0,9,621,9850,692,170,507,15
2020-12-28,Dolnośląskie,109,0,0,0,0,10,573,9142,1047,130,903,14
2020-12-29,Dolnośląskie,405,1,30,10,20,1624,656,10200,3336,511,2762,63
2020-12-30,Dolnośląskie,674,2,32,11,21,1017,225,10596,3691,735,2890,66
2020-12-31,Dolnośląskie,804,2,23,5,18,985,399,10904,3970,891,3000,79
2021-01-01,Dolnośląskie,647,2,36,19,17,746,599,10738,4245,725,3436,84
2021-01-02,Dolnośląskie,344,1,10,1,9,14,665,9500,1436,377,1034,25
2021-01-03,Dolnośląskie,246,0,0,0,0,16,457,8847,1844,268,1544,32
2021-01-04,Dolnośląskie,115,0,0,0,0,9,299,8174,998,131,852,15
2021-01-05,Dolnośląskie,481,1,25,13,12,1907,233,9822,3780,571,3153,56
2021-01-06,Dolnośląskie,599,2,44,16,28,1080,185,10478,3751,655,3019,77
2021-01-07,Dolnośląskie,627,2,4,2,2,15,401,9922,3139,681,2422,36
2021-01-08,Dolnośląskie,461,1,13,6,7,1225,668,10564,3276,509,2720,47
2021-01-09,Dolnośląskie,514,1,22,14,8,952,773,10577,3471,565,2846,60
2021-01-10,Dolnośląskie,459,1,4,1,3,24,494,9806,2162,490,1648,24
2021-01-11,Dolnośląskie,227,0,0,0,0,16,436,9372,1341,247,1070,24
2021-01-12,Dolnośląskie,339,1,33,22,11,1383,300,11051,3562,403,3086,73
2021-01-13,Dolnośląskie,452,1,26,9,17,786,205,12267,5115,505,4557,53
2021-01-14,Dolnośląskie,463,1,16,7,9,730,440,12553,4922,518,4344,60
2021-01-15,Dolnośląskie,477,1,19,9,10,667,562,12472,5290,523,4719,48
2021-01-16,Dolnośląskie,378,1,9,3,6,674,752,12439,5196,419,4687,90
2021-01-17,Dolnośląskie,302,1,1,0,1,13,331,11942,3444,324,3079,41
2021-01-18,Dolnośląskie,156,0,0,0,0,21,570,11609,1593,174,1389,30
2021-01-19,Dolnośląskie,311,1,10,8,2,1031,542,12522,4774,374,4332,68
2021-01-20,Dolnośląskie,336,1,25,13,12,740,237,13001,3448,388,3006,54
2021-01-21,Dolnośląskie,567,1,11,10,1,672,321,13251,3701,631,2998,72
2021-01-22,Dolnośląskie,366,1,17,10,7,676,471,12906,3902,410,3439,53
2021-01-23,Dolnośląskie,414,1,15,9,6,650,530,12699,3675,463,3123,89
2021-01-24,Dolnośląskie,251,0,2,0,2,12,494,12216,1961,278,1651,32
2021-01-25,Dolnośląskie,179,0,1,0,1,6,371,11853,1774,198,1546,30
2021-01-26,Dolnośląskie,312,1,29,13,16,1089,364,12239,3981,411,3490,80
2021-01-27,Dolnośląskie,343,1,30,12,18,704,188,12292,3845,404,3381,60
2020-12-24,Kujawsko-Pomorskie,1312,6,38,2,36,1406,848,16578,4649,1399,3106,144
2020-12-25,Kujawsko-Pomorskie,767,3,27,4,23,839,1199,16147,2225,867,1301,57
2020-12-26,Kujawsko-Pomorskie,472,2,11,0,11,60,996,14878,1382,552,802,28
2020-12-27,Kujawsko-Pomorskie,326,1,6,0,6,87,986,13955,1210,413,761,36
2020-12-28,Kujawsko-Pomorskie,302,1,5,0,5,90,1050,13204,1157,331,794,32
2020-12-29,Kujawsko-Pomorskie,720,3,27,4,23,2551,956,14506,3187,823,2296,68
2020-12-30,Kujawsko-Pomorskie,1106,5,47,12,35,1618,473,14676,3948,1199,2652,97
2020-12-31,Kujawsko-Pomorskie,1517,7,47,9,38,1622,874,15140,4579,1595,2826,158
2021-01-01,Kujawsko-Pomorskie,967,4,27,2,25,1393,1228,15336,3201,1111,1999,91
2021-01-02,Kujawsko-Pomorskie,471,2,17,2,15,126,1199,14028,1586,605,949,32
2021-01-03,Kujawsko-Pomorskie,673,3,9,0,9,158,704,13186,2283,794,1432,57
2021-01-04,Kujawsko-Pomorskie,484,2,2,0,2,70,483,12384,1584,567,986,31
2021-01-05,Kujawsko-Pomorskie,913,4,28,2,26,3080,492,14046,4050,1004,2980,66
2021-01-06,Kujawsko-Pomorskie,1300,6,42,5,37,1874,414,14477,4745,1386,3279,80
2021-01-07,Kujawsko-Pomorskie,1078,5,18,4,14,53,634,13727,2957,1159,1713,85
2021-01-08,Kujawsko-Pomorskie,1034,5,39,5,34,2039,1093,14435,4469,1210,3128,131
2021-01-09,Kujawsko-Pomorskie,886,4,59,5,54,1526,1426,14241,4241,1037,3129,75
2021-01-10,Kujawsko-Pomorskie,923,4,17,5,12,90,948,12926,3001,992,1917,92
2021-01-11,Kujawsko-Pomorskie,388,1,6,2,4,46,478,12276,1701,494,1172,35
2021-01-12,Kujawsko-Pomorskie,526,2,25,0,25,2044,808,13912,3642,619,2963,60
2021-01-13,Kujawsko-Pomorskie,910,4,44,5,39,1338,597,14623,4753,972,3659,122
2021-01-14,Kujawsko-Pomorskie,993,4,44,9,35,1135,850,14944,4946,1055,3768,123
2021-01-15,Kujawsko-Pomorskie,712,3,24,2,22,1093,1237,15006,4597,823,3698,76
2021-01-16,Kujawsko-Pomorskie,653,3,33,4,29,1022,1086,14731,4011,770,3175,66
2021-01-17,Kujawsko-Pomorskie,658,3,16,1,15,49,919,13378,3338,719,2548,71
2021-01-18,Kujawsko-Pomorskie,201,0,3,0,3,51,898,12893,1144,219,900,25
2021-01-19,Kujawsko-Pomorskie,438,2,25,1,24,1492,976,13696,3264,543,2671,50
2021-01-20,Kujawsko-Pomorskie,534,2,36,10,26,991,410,13744,2777,576,2146,55
2021-01-21,Kujawsko-Pomorskie,729,3,44,4,40,922,586,13724,3110,790,2277,43
2021-01-22,Kujawsko-Pomorskie,613,2,22,1,21,981,826,13591,2820,669,2104,47
2021-01-23,Kujawsko-Pomorskie,644,3,28,4,24,927,1077,13102,3017,732,2240,45
2021-01-24,Kujawsko-Pomorskie,447,2,11,0,11,74,754,12210,2125,529,1545,51
2021-01-25,Kujawsko-Pomorskie,218,1,5,0,5,42,686,11660,1298,232,1045,21
2021-01-26,Kujawsko-Pomorskie,452,2,20,0,20,1635,576,12163,2806,582,2184,40
2021-01-27,Kujawsko-Pomorskie,634,3,45,7,38,1022,264,12056,3131,701,2387,43
2020-12-24,Lubelskie,597,2,72,44,28,786,477,9320,2282,647,1588,47
2020-12-25,Lubelskie,357,1,40,15,25,413,703,9011,1483,383,1078,22
2020-12-26,Lubelskie,268,1,7,0,7,22,590,7939,1016,292,713,11
2020-12-27,Lubelskie,103,0,6,1,5,8,477,7321,611,140,455,16
2020-12-28,Lubelskie,126,0,3,1,2,12,632,6659,898,154,733,11
2020-12-29,Lubelskie,490,2,30,8,22,1473,474,7207,2232,547,1640,45
2020-12-30,Lubelskie,609,2,37,14,23,850,177,7362,2544,649,1864,31
2020-12-31,Lubelskie,564,2,30,4,26,885,568,7658,2257,607,1594,56
2021-01-01,Lubelskie,388,1,21,13,8,634,627,7625,1718,424,1275,19
2021-01-02,Lubelskie,280,1,4,1,3,19,533,6868,1185,315,859,11
2021-01-03,Lubelskie,207,0,2,2,0,46,335,6276,1098,249,835,14
2021-01-04,Lubelskie,142,0,1,0,1,20,266,5966,1162,224,918,20
2021-01-05,Lubelskie,447,2,42,16,26,1530,199,6844,2449,511,1906,32
2021-01-06,Lubelskie,658,3,28,12,16,896,190,7132,2723,722,1965,36
2021-01-07,Lubelskie,331,1,4,2,2,15,470,6779,1638,378,1243,17
2021-01-08,Lubelskie,403,1,30,7,23,1073,579,7154,2280,480,1772,28
2021-01-09,Lubelskie,512,2,32,10,22,791,562,7054,2451,578,1832,41
2021-01-10,Lubelskie,381,1,16,7,9,29,316,6551,1828,438,1372,18
2021-01-11,Lubelskie,138,0,5,2,3,16,319,6272,971,176,773,22
2021-01-12,Lubelskie,344,1,24,4,20,1089,294,7113,2834,389,2413,32
2021-01-13,Lubelskie,493,2,21,6,15,705,173,7704,3954,537,3375,42
2021-01-14,Lubelskie,403,1,38,10,28,577,507,7932,3749,441,3253,55
2021-01-15,Lubelskie,355,1,25,8,17,591,676,7920,3395,399,2932,64
2021-01-16,Lubelskie,358,1,27,3,24,512,362,7991,3301,409,2851,41
2021-01-17,Lubelskie,318,1,10,2,8,18,431,7531,2614,344,2217,53
2021-01-18,Lubelskie,86,0,9,6,3,24,482,7363,787,117,658,12
2021-01-19,Lubelskie,266,1,38,12,26,844,402,7991,3036,310,2699,27
2021-01-20,Lubelskie,357,1,32,3,29,556,142,8145,2222,396,1793,33
2021-01-21,Lubelskie,323,1,24,4,20,545,392,8274,2125,365,1727,33
2021-01-22,Lubelskie,311,1,22,1,21,512,492,8113,1874,349,1491,34
2021-01-23,Lubelskie,378,1,16,2,14,552,429,7864,2132,418,1677,37
2021-01-24,Lubelskie,234,1,15,1,14,17,360,7480,1521,260,1237,24
2021-01-25,Lubelskie,78,0,2,1,1,11,363,7113,828,111,712,5
2021-01-26,Lubelskie,336,1,18,3,15,900,360,7572,2226,406,1775,45
2021-01-27,Lubelskie,358,1,22,2,20,478,122,7609,2227,383,1799,45
2020-12-24,Lubuskie,399,3,7,5,2,394,245,5862,1304,448,814,42
2020-12-25,Lubuskie,351,3,1,1,0,217,315,5912,995,388,591,16
2020-12-26,Lubuskie,111,1,0,0,0,8,437,5546,383,116,256,11
2020-12-27,Lubuskie,65,0,0,0,0,3,313,5246,345,86,249,10
2020-12-28,Lubuskie,49,0,0,0,0,12,422,4894,371,91,276,4
2020-12-29,Lubuskie,208,2,1,1,0,863,318,5248,1296,264,1017,15
2020-12-30,Lubuskie,349,3,11,11,0,525,238,5136,1472,426,1028,18
2020-12-31,Lubuskie,493,4,15,12,3,472,164,5217,1534,539,970,25
2021-01-01,Lubuskie,343,3,17,15,2,384,408,5376,1308,371,912,25
2021-01-02,Lubuskie,113,1,3,3,0,5,425,5032,582,124,450,8
2021-01-03,Lubuskie,169,1,0,0,0,7,269,4579,773,226,527,20
2021-01-04,Lubuskie,96,0,1,0,1,2,149,4326,571,131,433,7
2021-01-05,Lubuskie,93,0,13,13,0,929,120,4673,892,114,764,14
2021-01-06,Lubuskie,368,3,11,6,5,523,119,4773,1691,426,1221,44
2021-01-07,Lubuskie,379,3,4,2,2,4,173,4669,1126,414,694,18
2021-01-08,Lubuskie,233,2,11,6,5,606,436,5050,1416,299,1097,20
2021-01-09,Lubuskie,293,2,7,4,3,461,398,5060,1678,384,1273,21
2021-01-10,Lubuskie,261,2,6,3,3,8,328,4682,1265,279,978,8
2021-01-11,Lubuskie,190,1,5,2,3,11,124,4409,824,227,580,17
2021-01-12,Lubuskie,89,0,5,4,1,651,218,4971,1365,135,1215,15
2021-01-13,Lubuskie,243,2,13,9,4,392,79,5422,2094,293,1780,21
2021-01-14,Lubuskie,288,2,8,5,3,345,144,5670,2065,319,1735,11
2021-01-15,Lubuskie,218,2,26,9,17,323,315,5691,1802,273,1513,16
2021-01-16,Lubuskie,178,1,24,16,8,315,453,5499,2114,247,1851,16
2021-01-17,Lubuskie,247,2,5,3,2,5,197,5107,1724,301,1408,15
2021-01-18,Lubuskie,99,0,0,0,0,9,319,5035,719,110,596,13
2021-01-19,Lubuskie,85,0,9,6,3,522,240,5304,1303,162,1123,18
2021-01-20,Lubuskie,201,1,19,15,4,288,175,5301,1279,223,1042,14
2021-01-21,Lubuskie,217,2,23,8,15,355,169,5384,1198,234,948,16
2021-01-22,Lubuskie,208,2,6,5,1,302,230,5425,1346,232,1103,11
2021-01-23,Lubuskie,166,1,8,7,1,324,320,5320,998,186,799,13
2021-01-24,Lubuskie,145,1,4,3,1,4,235,4909,806,170,627,9
2021-01-25,Lubuskie,134,1,0,0,0,8,232,4810,664,145,512,7
2021-01-26,Lubuskie,93,0,5,3,2,530,182,4971,1069,107,951,11
2021-01-27,Lubuskie,174,1,9,9,0,297,75,4860,1239,183,1044,12
2020-12-24,Mazowieckie,1829,3,53,11,42,2331,957,28615,10132,2218,7610,304
2020-12-25,Mazowieckie,1166,2,20,0,20,1314,1652,27615,5743,1267,4314,162
2020-12-26,Mazowieckie,741,1,19,0,19,38,1331,25022,3121,814,2192,115
2020-12-27,Mazowieckie,532,0,8,0,8,27,1161,23148,2361,629,1668,64
2020-12-28,Mazowieckie,409,0,4,0,4,46,1455,21887,2343,487,1809,47
2020-12-29,Mazowieckie,957,1,25,6,19,3803,1349,23707,7011,1184,5651,176
2020-12-30,Mazowieckie,1600,2,80,9,71,2723,547,24466,7768,1766,5801,201
2020-12-31,Mazowieckie,1739,3,68,20,48,2733,1123,25618,8190,1903,6043,244
2021-01-01,Mazowieckie,1453,2,52,12,40,2267,1859,26130,6372,1594,4584,194
2021-01-02,Mazowieckie,1046,1,15,4,11,65,1587,23612,3946,1141,2648,157
2021-01-03,Mazowieckie,903,1,2,0,2,77,856,22001,3888,1054,2711,123
2021-01-04,Mazowieckie,746,1,1,0,1,33,810,21021,4118,852,3090,176
2021-01-05,Mazowieckie,824,1,27,5,22,4542,754,25118,5590,1008,4430,152
2021-01-06,Mazowieckie,1686,3,39,7,32,3021,513,27378,7619,1829,5574,216
2021-01-07,Mazowieckie,1469,2,24,10,14,37,1082,26486,6506,1571,4680,255
2021-01-08,Mazowieckie,1216,2,29,7,22,3208,1652,28163,6853,1407,5181,265
2021-01-09,Mazowieckie,1333,2,44,14,30,2626,1675,28601,7310,1458,5647,205
2021-01-10,Mazowieckie,1305,2,40,7,33,44,1312,27284,6267,1394,4710,163
2021-01-11,Mazowieckie,627,1,9,0,9,47,974,26583,3407,696,2609,102
2021-01-12,Mazowieckie,695,1,26,8,18,3058,1155,30540,6480,904,5371,205
2021-01-13,Mazowieckie,1069,1,50,15,35,1971,707,33493,9772,1216,8316,240
2021-01-14,Mazowieckie,1231,2,41,9,32,1895,1087,34737,12754,1363,11091,300
2021-01-15,Mazowieckie,946,1,56,21,35,1904,1816,34638,11188,1072,9886,230
2021-01-16,Mazowieckie,1040,1,43,7,36,1859,1532,34781,11484,1217,9953,314
2021-01-17,Mazowieckie,816,1,13,3,10,36,1060,33706,8852,907,7766,179
2021-01-18,Mazowieckie,475,0,11,0,11,26,1403,33462,5514,532,4895,87
2021-01-19,Mazowieckie,683,1,20,1,19,2462,1352,35940,6417,870,5391,156
2021-01-20,Mazowieckie,890,1,49,19,30,1771,688,36241,7027,1032,5819,176
2021-01-21,Mazowieckie,874,1,63,7,56,1760,851,36493,6362,986,5231,145
2021-01-22,Mazowieckie,856,1,64,21,43,1719,1117,35882,6234,975,5081,178
2021-01-23,Mazowieckie,936,1,43,10,33,1731,1252,36183,6715,1044,5524,147
2021-01-24,Mazowieckie,687,1,14,7,7,45,1075,35214,4749,754,3889,106
2021-01-25,Mazowieckie,371,0,4,2,2,21,1069,34707,2977,420,2484,73
2021-01-26,Mazowieckie,570,1,34,3,31,2668,896,36265,5458,719,4650,89
2021-01-27,Mazowieckie,934,1,50,6,44,1969,515,36234,6798,1085,5534,179
2020-12-24,Małopolskie,410,1,43,32,11,584,288,6678,2959,463,2425,71
2020-12-25,Małopolskie,210,0,7,6,1,306,512,6230,1436,224,1168,44
2020-12-26,Małopolskie,169,0,1,0,1,4,326,5596,1348,197,973,178
2020-12-27,Małopolskie,115,0,2,1,1,3,329,5188,843,134,696,13
2020-12-28,Małopolskie,190,0,1,0,1,12,334,4883,1182,241,903,38
2020-12-29,Małopolskie,251,0,19,13,6,1023,325,5400,2019,327,1641,51
2020-12-30,Małopolskie,541,1,30,14,16,681,187,5823,3090,598,2421,71
2020-12-31,Małopolskie,387,1,18,6,12,762,226,6158,2761,430,2259,72
2021-01-01,Małopolskie,388,1,22,17,5,605,514,6238,2237,425,1762,50
2021-01-02,Małopolskie,281,0,0,0,0,7,324,5540,1449,303,1093,53
2021-01-03,Małopolskie,200,0,2,2,0,18,200,5406,1669,228,1407,34
2021-01-04,Małopolskie,194,0,0,0,0,3,150,5349,1699,221,1438,40
2021-01-05,Małopolskie,233,0,23,8,15,1261,178,6898,2436,281,2112,43
2021-01-06,Małopolskie,625,1,23,15,8,776,133,7763,3608,671,2880,57
2021-01-07,Małopolskie,453,1,2,2,0,7,266,7427,2360,486,1831,43
2021-01-08,Małopolskie,352,1,10,3,7,862,498,7875,2772,399,2314,59
2021-01-09,Małopolskie,418,1,13,9,4,662,353,7765,3335,454,2814,67
2021-01-10,Małopolskie,260,0,2,1,1,19,361,7474,2307,269,1990,48
2021-01-11,Małopolskie,233,0,1,0,1,5,283,7338,1695,268,1387,40
2021-01-12,Małopolskie,236,0,26,10,16,864,237,8466,3021,292,2695,34
2021-01-13,Małopolskie,383,1,35,18,17,564,179,9385,4693,418,4224,51
2021-01-14,Małopolskie,337,0,12,3,9,546,315,9501,4429,358,3997,74
2021-01-15,Małopolskie,321,0,16,6,10,459,518,9112,4310,343,3908,59
2021-01-16,Małopolskie,293,0,14,5,9,498,412,8811,4255,316,3885,54
2021-01-17,Małopolskie,225,0,7,7,0,9,314,8758,2955,259,2656,40
2021-01-18,Małopolskie,306,0,0,0,0,4,416,8796,1584,322,1219,43
2021-01-19,Małopolskie,234,0,19,8,11,731,288,9318,2482,263,2186,33
2021-01-20,Małopolskie,280,0,18,5,13,503,201,9664,2831,302,2480,49
2021-01-21,Małopolskie,315,0,13,8,5,530,258,9588,2696,343,2311,42
2021-01-22,Małopolskie,270,0,10,8,2,518,384,9641,2460,291,2131,38
2021-01-23,Małopolskie,250,0,23,8,15,499,360,9258,2689,274,2381,34
2021-01-24,Małopolskie,219,0,6,3,3,6,333,8808,1899,243,1617,39
2021-01-25,Małopolskie,115,0,0,0,0,5,289,8633,1325,128,1184,13
2021-01-26,Małopolskie,159,0,18,3,15,818,230,8986,2421,202,2185,34
2021-01-27,Małopolskie,359,1,32,22,10,501,112,8740,2834,386,2411,37
2020-12-24,Opolskie,280,2,14,3,11,259,148,4040,1207,304,885,18
2020-12-25,Opolskie,258,2,2,0,2,87,300,3872,738,272,447,19
2020-12-26,Opolskie,97,0,1,0,1,4,234,3686,331,102,227,2
2020-12-27,Opolskie,99,1,1,0,1,8,244,3314,429,118,306,5
2020-12-28,Opolskie,50,0,0,0,0,0,221,3138,360,69,290,1
2020-12-29,Opolskie,120,1,6,1,5,537,209,3444,846,154,677,15
2020-12-30,Opolskie,206,2,28,3,25,277,109,3576,1061,258,786,17
2020-12-31,Opolskie,347,3,20,1,19,327,160,3581,1317,367,917,33
2021-01-01,Opolskie,179,1,15,3,12,229,225,3710,872,197,661,14
2021-01-02,Opolskie,182,1,2,0,2,13,316,3213,638,193,430,15
2021-01-03,Opolskie,100,1,0,0,0,5,141,2949,676,117,545,14
2021-01-04,Opolskie,84,0,0,0,0,1,93,2756,454,96,348,10
2021-01-05,Opolskie,93,0,12,0,12,606,131,3191,1090,123,956,11
2021-01-06,Opolskie,222,2,15,1,14,340,85,3340,1167,241,910,16
2021-01-07,Opolskie,326,3,5,0,5,2,118,3058,1112,344,744,24
2021-01-08,Opolskie,96,0,9,2,7,427,239,3418,827,120,700,7
2021-01-09,Opolskie,195,1,8,0,8,302,332,3342,1280,219,1048,13
2021-01-10,Opolskie,181,1,0,0,0,4,161,3149,947,189,746,12
2021-01-11,Opolskie,127,1,1,0,1,1,175,3008,662,139,509,14
2021-01-12,Opolskie,116,1,8,3,5,452,147,3501,1005,147,841,17
2021-01-13,Opolskie,172,1,3,1,2,255,69,3975,1382,189,1162,31
2021-01-14,Opolskie,235,2,3,1,2,252,156,4177,1738,252,1451,35
2021-01-15,Opolskie,214,2,6,0,6,213,204,4345,1874,243,1592,39
2021-01-16,Opolskie,222,2,3,0,3,212,324,4363,1506,241,1234,31
2021-01-17,Opolskie,99,1,1,0,1,5,73,4171,1515,113,1375,27
2021-01-18,Opolskie,125,1,0,0,0,5,250,4123,1014,136,867,11
2021-01-19,Opolskie,95,0,10,2,8,327,244,4227,1036,106,925,5
2021-01-20,Opolskie,138,1,4,0,4,218,112,4344,910,150,754,6
2021-01-21,Opolskie,143,1,7,0,7,181,145,4463,1219,174,1022,23
2021-01-22,Opolskie,113,1,6,1,5,208,185,4461,931,128,789,14
2021-01-23,Opolskie,95,0,6,2,4,199,231,4264,1007,110,891,6
2021-01-24,Opolskie,104,1,0,0,0,6,227,4022,877,117,747,13
2021-01-25,Opolskie,45,0,0,0,0,2,152,3892,503,51,444,8
2021-01-26,Opolskie,78,0,10,1,9,362,162,3958,941,96,840,5
2021-01-27,Opolskie,105,1,1,0,1,221,77,4013,865,114,741,10
2020-12-24,Podkarpackie,288,1,21,3,18,286,208,4798,1871,376,1465,30
2020-12-25,Podkarpackie,212,1,17,3,14,99,286,4437,1158,239,902,17
2020-12-26,Podkarpackie,132,0,1,0,1,0,240,4117,704,180,506,18
2020-12-27,Podkarpackie,68,0,1,1,0,6,223,3789,553,101,442,10
2020-12-28,Podkarpackie,76,0,0,0,0,2,307,3486,653,95,546,12
2020-12-29,Podkarpackie,85,0,8,0,8,643,220,3804,1324,111,1205,8
2020-12-30,Podkarpackie,279,1,19,0,19,375,115,3917,1690,318,1356,16
2020-12-31,Podkarpackie,284,1,17,1,16,392,181,4265,1838,355,1470,13
2021-01-01,Podkarpackie,261,1,36,11,25,285,277,4200,1690,337,1323,30
2021-01-02,Podkarpackie,217,1,2,0,2,6,265,3890,1110,245,859,6
2021-01-03,Podkarpackie,118,0,6,0,6,6,166,3583,880,165,709,6
2021-01-04,Podkarpackie,116,0,2,0,2,4,110,3500,923,143,765,15
2021-01-05,Podkarpackie,270,1,18,1,17,742,85,4007,2009,308,1684,17
2021-01-06,Podkarpackie,654,3,24,0,24,452,83,4231,2910,729,2160,21
2021-01-07,Podkarpackie,570,2,7,0,7,6,157,4105,2664,661,1968,35
2021-01-08,Podkarpackie,490,2,8,1,7,518,265,4509,2338,539,1785,14
2021-01-09,Podkarpackie,291,1,11,2,9,367,295,4498,2498,342,2136,20
2021-01-10,Podkarpackie,214,1,7,0,7,10,221,4157,1593,235,1338,20
2021-01-11,Podkarpackie,159,0,3,0,3,6,184,4049,1305,205,1081,19
2021-01-12,Podkarpackie,108,0,24,4,20,537,141,4424,1777,137,1636,4
2021-01-13,Podkarpackie,235,1,13,2,11,330,116,4825,3436,281,3117,38
2021-01-14,Podkarpackie,233,1,17,4,13,310,219,5040,3232,253,2944,35
2021-01-15,Podkarpackie,232,1,17,1,16,282,305,5151,3332,272,3025,35
2021-01-16,Podkarpackie,194,0,15,0,15,251,284,5245,2656,213,2418,25
2021-01-17,Podkarpackie,177,0,12,4,8,4,178,4953,2008,210,1780,18
2021-01-18,Podkarpackie,83,0,4,2,2,2,252,5001,683,95,571,17
2021-01-19,Podkarpackie,188,0,4,0,4,444,202,5300,1976,249,1706,21
2021-01-20,Podkarpackie,192,0,14,2,12,259,116,5669,2145,228,1889,28
2021-01-21,Podkarpackie,216,1,15,0,15,281,136,5725,1815,238,1569,8
2021-01-22,Podkarpackie,175,0,20,4,16,277,239,5706,1705,200,1492,13
2021-01-23,Podkarpackie,159,0,8,0,8,264,244,5587,1807,194,1592,21
2021-01-24,Podkarpackie,191,0,3,1,2,3,235,5347,1452,211,1217,24
2021-01-25,Podkarpackie,61,0,0,0,0,2,194,5267,719,72,636,11
2021-01-26,Podkarpackie,136,0,3,0,3,494,240,5358,1718,199,1509,10
2021-01-27,Podkarpackie,182,0,10,3,7,295,79,5287,1972,219,1735,18
2020-12-24,Podlaskie,325,2,11,2,9,426,187,5155,1290,347,916,27
2020-12-25,Podlaskie,242,2,6,1,5,199,378,4831,727,260,445,22
2020-12-26,Podlaskie,115,0,2,1,1,6,200,4270,410,130,278,2
2020-12-27,Podlaskie,93,0,1,0,1,4,249,3868,379,112,260,7
2020-12-28,Podlaskie,70,0,1,1,0,3,261,3613,356,87,268,1
2020-12-29,Podlaskie,203,1,8,3,5,875,229,4052,1030,233,774,23
2020-12-30,Podlaskie,426,3,16,0,16,477,77,3993,1357,441,888,28
2020-12-31,Podlaskie,356,3,28,2,26,512,168,4198,1169,380,758,31
2021-01-01,Podlaskie,307,2,10,4,6,402,380,4244,1227,321,889,17
2021-01-02,Podlaskie,173,1,11,1,10,10,286,3708,598,181,414,3
2021-01-03,Podlaskie,171,1,0,0,0,4,225,3488,657,187,462,8
2021-01-04,Podlaskie,80,0,3,0,3,8,126,3320,388,89,291,8
2021-01-05,Podlaskie,189,1,7,0,7,1049,109,4124,1078,215,848,15
2021-01-06,Podlaskie,477,4,15,2,13,563,125,4333,1562,498,1033,31
2021-01-07,Podlaskie,272,2,6,0,6,8,169,4158,838,291,540,7
2021-01-08,Podlaskie,293,2,6,2,4,616,389,4555,1229,314,892,23
2021-01-09,Podlaskie,298,2,17,0,17,430,369,4613,1435,335,1080,20
2021-01-10,Podlaskie,239,2,8,0,8,11,290,4318,866,256,607,3
2021-01-11,Podlaskie,75,0,0,0,0,1,174,4071,442,88,349,5
2021-01-12,Podlaskie,143,1,2,0,2,718,187,4793,1385,164,1215,6
2021-01-13,Podlaskie,333,2,26,1,25,459,116,5268,2391,350,2027,14
2021-01-14,Podlaskie,291,2,6,0,6,405,186,5395,2088,317,1745,26
2021-01-15,Podlaskie,277,2,7,1,6,331,479,5499,1836,291,1540,5
2021-01-16,Podlaskie,210,1,4,0,4,334,312,5437,1563,230,1326,7
2021-01-17,Podlaskie,121,1,2,0,2,3,242,5019,776,136,636,4
2021-01-18,Podlaskie,69,0,0,0,0,2,328,4829,398,85,308,5
2021-01-19,Podlaskie,126,1,3,0,3,613,247,5301,1246,149,1086,11
2021-01-20,Podlaskie,329,2,19,1,18,337,83,5245,1196,348,831,17
2021-01-21,Podlaskie,226,1,3,0,3,346,155,5427,981,242,729,10
2021-01-22,Podlaskie,229,1,10,0,10,365,297,5501,1181,249,916,16
2021-01-23,Podlaskie,218,1,13,0,13,343,325,5354,1245,237,996,12
2021-01-24,Podlaskie,161,1,9,0,9,6,260,4999,601,180,401,20
2021-01-25,Podlaskie,95,0,1,1,0,2,230,4786,451,106,341,4
2021-01-26,Podlaskie,145,1,0,0,0,694,153,5403,1036,163,861,12
2021-01-27,Podlaskie,317,2,16,0,16,332,101,5348,1414,342,1055,17
2020-12-24,Polska,13114,3,552,190,362,15080,8002,188151,55581,14543,39730,1308
2020-12-25,Polska,9077,2,244,66,178,7661,13023,181631,35044,9815,24463,766
2020-12-26,Polska,5048,1,68,8,60,297,10804,165716,20632,5720,14202,710
2020-12-27,Polska,3678,0,56,5,51,319,10061,153848,17341,4292,12691,358
2020-12-28,Polska,3211,0,27,2,25,366,11155,144552,19002,3820,14825,357
2020-12-29,Polska,7914,2,311,60,251,28031,9792,158414,44673,9246,34545,882
2020-12-30,Polska,12955,3,565,125,440,17657,4928,161160,54230,14149,38997,1084
2020-12-31,Polska,13397,3,532,104,428,17905,7841,168692,53703,14557,37831,1315
2021-01-01,Polska,11008,2,400,122,278,14050,13359,170928,46724,12152,33485,1087
2021-01-02,Polska,6945,1,102,18,84,441,11784,154006,27604,7722,19196,686
2021-01-03,Polska,5739,1,61,7,54,672,7831,143466,29618,6702,22279,637
2021-01-04,Polska,4432,1,42,8,34,338,5310,135305,25436,5225,19574,637
2021-01-05,Polska,7624,1,341,85,256,33066,4939,156782,48466,8757,38880,829
2021-01-06,Polska,14151,3,553,144,409,19348,4044,165668,61758,15217,45266,1275
2021-01-07,Polska,12054,3,186,38,148,316,7864,158359,46757,12921,32753,1083
2021-01-08,Polska,8790,2,332,60,272,22077,12785,168479,50177,10179,38942,1056
2021-01-09,Polska,10548,2,438,100,338,16429,13071,168496,58371,11952,45261,1158
2021-01-10,Polska,9410,2,177,41,136,415,9657,156834,43731,10059,32741,931
2021-01-11,Polska,4622,1,75,10,65,272,6945,150116,26151,5374,20125,652
2021-01-12,Polska,5569,1,326,93,233,22317,6991,170761,50150,6835,42439,876
2021-01-13,Polska,9053,2,481,117,364,13735,4907,184488,73911,10008,62669,1234
2021-01-14,Polska,9436,2,381,92,289,12351,8476,190307,79406,10239,67816,1351
2021-01-15,Polska,7795,2,386,88,298,11617,13158,190259,73122,8751,63268,1103
2021-01-16,Polska,7412,1,369,69,300,11188,11819,187925,69348,8468,59651,1229
2021-01-17,Polska,6055,1,142,37,105,296,7705,178093,55247,6820,47560,867
2021-01-18,Polska,3271,0,52,11,41,217,10769,173976,25174,3676,21019,479
2021-01-19,Polska,4835,1,291,60,231,17080,9777,185122,48409,5893,41802,714
2021-01-20,Polska,6919,1,443,106,337,11207,4595,188242,48317,7625,39862,830
2021-01-21,Polska,7152,1,419,81,338,10947,6423,190953,47141,7918,38419,804
2021-01-22,Polska,6640,1,346,76,270,10811,8974,188758,45108,7386,36950,772
2021-01-23,Polska,6322,1,346,82,264,10670,10089,184639,44490,7029,36723,738
2021-01-24,Polska,4683,1,110,22,88,307,7934,176192,30965,5187,25208,570
2021-01-25,Polska,2419,0,38,10,28,193,7401,170854,19945,2743,16877,325
2021-01-26,Polska,4604,1,264,39,225,17689,6251,177875,42669,5600,36438,631
2021-01-27,Polska,6789,1,389,97,292,11232,3104,176833,47406,7536,39036,834
2020-12-24,Pomorskie,1108,4,18,4,14,1253,624,16963,4146,1186,2848,112
2020-12-25,Pomorskie,666,2,10,1,9,642,922,16319,2704,712,1919,73
2020-12-26,Pomorskie,487,2,0,0,0,36,899,14992,1583,516,1019,48
2020-12-27,Pomorskie,536,2,4,0,4,38,953,13745,1717,561,1117,39
2020-12-28,Pomorskie,404,1,2,0,2,48,970,12894,2114,439,1636,39
2020-12-29,Pomorskie,483,2,23,4,19,2111,928,14288,2690,567,2049,74
2020-12-30,Pomorskie,1101,4,45,7,38,1471,623,14401,4343,1203,3032,108
2020-12-31,Pomorskie,1288,5,42,11,31,1544,638,14917,3955,1404,2437,114
2021-01-01,Pomorskie,1027,4,24,4,20,1316,1103,15458,4051,1143,2772,136
2021-01-02,Pomorskie,787,3,0,0,0,26,1011,13966,2465,832,1534,99
2021-01-03,Pomorskie,705,3,4,0,4,69,808,13031,2795,747,1973,75
2021-01-04,Pomorskie,623,2,2,0,2,47,489,12192,2643,673,1892,78
2021-01-05,Pomorskie,534,2,39,7,32,2539,553,13866,3136,584,2446,106
2021-01-06,Pomorskie,1148,4,31,6,25,1735,403,14780,4040,1203,2674,163
2021-01-07,Pomorskie,1003,4,10,3,7,35,527,14234,3622,1060,2457,105
2021-01-08,Pomorskie,987,4,28,8,20,1793,1055,14759,4229,1052,3041,136
2021-01-09,Pomorskie,977,4,27,5,22,1539,1334,15130,4597,1021,3426,150
2021-01-10,Pomorskie,1010,4,24,3,21,13,894,14267,4140,1067,2947,126
2021-01-11,Pomorskie,509,2,22,2,20,15,792,13494,2401,561,1772,68
2021-01-12,Pomorskie,583,2,25,7,18,1866,836,15181,3130,682,2356,92
2021-01-13,Pomorskie,729,3,32,3,29,1224,604,16125,4826,789,3898,139
2021-01-14,Pomorskie,878,3,16,1,15,1095,669,16750,6242,943,5168,131
2021-01-15,Pomorskie,740,3,17,0,17,1060,1113,16921,5658,809,4738,111
2021-01-16,Pomorskie,741,3,24,4,20,955,1244,16905,5190,803,4217,170
2021-01-17,Pomorskie,603,2,1,0,1,31,746,15889,4613,641,3879,93
2021-01-18,Pomorskie,468,1,1,0,1,23,966,15431,2845,508,2267,70
2021-01-19,Pomorskie,411,1,22,4,18,1495,1129,15971,2712,462,2191,59
2021-01-20,Pomorskie,582,2,44,3,41,1011,552,16211,3192,629,2474,89
2021-01-21,Pomorskie,740,3,31,5,26,934,626,16756,3346,785,2493,68
2021-01-22,Pomorskie,770,3,22,5,17,1003,811,16805,3874,848,2944,82
2021-01-23,Pomorskie,513,2,44,12,32,944,976,16479,2905,567,2260,78
2021-01-24,Pomorskie,461,1,4,0,4,13,781,15624,2310,502,1765,43
2021-01-25,Pomorskie,357,1,4,1,3,26,709,14848,1787,388,1354,45
2021-01-26,Pomorskie,361,1,25,3,22,1398,670,15401,2682,398,2227,57
2021-01-27,Pomorskie,636,2,31,4,27,924,425,15207,3461,679,2697,85
2020-12-24,Warmińsko-Mazurskie,838,5,33,3,30,1028,652,12699,2366,864,1448,54
2020-12-25,Warmińsko-Mazurskie,607,4,0,0,0,570,833,12468,1611,648,927,36
2020-12-26,Warmińsko-Mazurskie,315,2,1,0,1,11,933,11656,748,331,409,8
2020-12-27,Warmińsko-Mazurskie,188,1,1,0,1,9,683,10929,686,198,484,4
2020-12-28,Warmińsko-Mazurskie,136,0,0,0,0,25,742,10201,694,155,534,5
2020-12-29,Warmińsko-Mazurskie,765,5,33,4,29,2046,688,10748,2487,799,1659,29
2020-12-30,Warmińsko-Mazurskie,988,6,15,2,13,1209,229,10571,3102,1026,2022,54
2020-12-31,Warmińsko-Mazurskie,1061,7,54,9,45,1155,608,11229,2714,1110,1549,55
2021-01-01,Warmińsko-Mazurskie,825,5,11,1,10,952,1006,11403,2365,861,1453,51
2021-01-02,Warmińsko-Mazurskie,321,2,0,0,0,20,833,10656,915,343,562,10
2021-01-03,Warmińsko-Mazurskie,376,2,5,1,4,24,499,9787,1123,406,696,21
2021-01-04,Warmińsko-Mazurskie,139,0,8,1,7,15,393,9187,727,157,560,10
2021-01-05,Warmińsko-Mazurskie,601,4,30,3,27,2292,286,10150,2161,640,1501,20
2021-01-06,Warmińsko-Mazurskie,1082,7,15,2,13,1213,220,10083,2730,1110,1561,59
2021-01-07,Warmińsko-Mazurskie,709,4,10,2,8,29,671,10063,1747,725,993,29
2021-01-08,Warmińsko-Mazurskie,486,3,26,3,23,1523,1039,10499,2067,518,1535,14
2021-01-09,Warmińsko-Mazurskie,928,6,27,8,19,1022,957,10234,2630,976,1607,47
2021-01-10,Warmińsko-Mazurskie,515,3,0,0,0,14,774,9568,1384,541,816,27
2021-01-11,Warmińsko-Mazurskie,210,1,3,0,3,5,320,9237,872,230,625,17
2021-01-12,Warmińsko-Mazurskie,483,3,23,6,17,1455,469,9997,3075,522,2520,33
2021-01-13,Warmińsko-Mazurskie,626,4,19,2,17,819,222,10399,3464,673,2747,44
2021-01-14,Warmińsko-Mazurskie,690,4,29,4,25,745,640,10657,4036,733,3250,53
2021-01-15,Warmińsko-Mazurskie,420,2,21,2,19,667,1100,10826,3073,451,2585,37
2021-01-16,Warmińsko-Mazurskie,547,3,28,5,23,669,647,10638,2970,576,2366,28
2021-01-17,Warmińsko-Mazurskie,287,2,2,0,2,5,541,9956,1710,329,1354,27
2021-01-18,Warmińsko-Mazurskie,108,0,0,0,0,6,849,9450,746,123,615,8
2021-01-19,Warmińsko-Mazurskie,354,2,27,4,23,1111,595,10105,1920,382,1515,23
2021-01-20,Warmińsko-Mazurskie,549,3,23,3,20,650,233,10089,2087,571,1492,24
2021-01-21,Warmińsko-Mazurskie,415,2,26,8,18,690,568,10471,1905,443,1443,19
2021-01-22,Warmińsko-Mazurskie,476,3,27,6,21,642,619,10184,1942,500,1412,30
2021-01-23,Warmińsko-Mazurskie,361,2,27,7,20,620,681,9619,1628,385,1221,22
2021-01-24,Warmińsko-Mazurskie,170,1,1,0,1,10,477,9151,770,181,576,13
2021-01-25,Warmińsko-Mazurskie,75,0,0,0,0,10,512,8805,570,84,483,3
2021-01-26,Warmińsko-Mazurskie,383,2,23,4,19,1131,302,8838,1860,406,1448,6
2021-01-27,Warmińsko-Mazurskie,435,3,21,2,19,654,129,8759,1825,454,1352,19
2020-12-24,Wielkopolskie,1608,4,83,48,35,1583,673,20602,5464,1699,3671,94
2020-12-25,Wielkopolskie,1045,2,43,18,25,758,1480,19889,3652,1141,2443,68
2020-12-26,Wielkopolskie,518,1,15,7,8,29,1411,17940,2127,640,1448,39
2020-12-27,Wielkopolskie,387,1,18,0,18,51,1038,16558,1732,456,1257,19
2020-12-28,Wielkopolskie,309,0,7,0,7,33,1219,15432,1537,355,1154,28
2020-12-29,Wielkopolskie,647,1,35,3,32,3263,1147,17282,3335,756,2541,38
2020-12-30,Wielkopolskie,1585,4,54,31,23,1894,363,17424,5067,1688,3322,57
2020-12-31,Wielkopolskie,1469,4,58,15,43,2035,700,18369,5048,1587,3355,106
2021-01-01,Wielkopolskie,1249,3,48,12,36,1493,1429,18830,3914,1336,2502,76
2021-01-02,Wielkopolskie,915,2,24,4,20,60,1518,16771,3063,1001,1982,80
2021-01-03,Wielkopolskie,495,1,21,1,20,102,861,15576,2964,658,2273,33
2021-01-04,Wielkopolskie,317,0,17,7,10,42,543,14629,1680,378,1263,39
2021-01-05,Wielkopolskie,802,2,18,3,15,4090,497,16978,4035,891,3093,51
2021-01-06,Wielkopolskie,1488,4,45,16,29,2125,411,17568,5366,1578,3680,108
2021-01-07,Wielkopolskie,1609,4,27,8,19,35,797,16403,4909,1677,3120,112
2021-01-08,Wielkopolskie,774,2,30,5,25,2626,1462,18029,4259,958,3241,60
2021-01-09,Wielkopolskie,1151,3,54,19,35,1755,1411,18128,5235,1365,3788,82
2021-01-10,Wielkopolskie,1106,3,23,8,15,57,1120,16444,4009,1184,2739,86
2021-01-11,Wielkopolskie,446,1,10,2,8,50,942,15654,2148,548,1526,74
2021-01-12,Wielkopolskie,483,1,16,7,9,2662,538,17882,4217,602,3547,68
2021-01-13,Wielkopolskie,1014,2,65,30,35,1504,457,18963,5829,1089,4632,108
2021-01-14,Wielkopolskie,1058,3,65,29,36,1338,901,19651,6753,1134,5502,117
2021-01-15,Wielkopolskie,768,2,38,15,23,1231,1372,19794,5743,836,4835,72
2021-01-16,Wielkopolskie,696,1,45,15,30,1166,1539,19207,5779,778,4911,90
2021-01-17,Wielkopolskie,828,2,40,14,26,41,748,17873,5632,903,4664,65
2021-01-18,Wielkopolskie,224,0,17,2,15,25,1240,17419,1488,250,1213,25
2021-01-19,Wielkopolskie,413,1,27,8,19,1921,1112,18489,3982,513,3429,40
2021-01-20,Wielkopolskie,683,1,50,24,26,1180,439,18815,4366,747,3563,56
2021-01-21,Wielkopolskie,740,2,36,17,19,1126,604,19211,3858,790,3014,54
2021-01-22,Wielkopolskie,672,1,37,10,27,1053,1009,19181,3839,767,3021,51
2021-01-23,Wielkopolskie,600,1,30,12,18,1039,1202,18877,3717,679,2986,52
2021-01-24,Wielkopolskie,509,1,23,5,18,39,799,17850,2767,545,2199,23
2021-01-25,Wielkopolskie,200,0,20,5,15,22,709,17352,1656,233,1409,14
2021-01-26,Wielkopolskie,442,1,13,0,13,1955,818,17942,3700,537,3120,43
2021-01-27,Wielkopolskie,656,1,38,19,19,1157,225,17915,3718,711,2945,62
2020-12-24,Zachodniopomorskie,1006,5,27,1,26,1142,533,15086,2861,1090,1708,63
2020-12-25,Zachodniopomorskie,990,5,27,0,27,637,1182,14803,2568,1044,1471,53
2020-12-26,Zachodniopomorskie,557,3,4,0,4,29,877,13483,1375,612,741,22
2020-12-27,Zachodniopomorskie,270,1,3,0,3,27,997,12808,916,317,581,18
2020-12-28,Zachodniopomorskie,282,1,0,0,0,26,1059,12214,1138,333,775,30
2020-12-29,Zachodniopomorskie,713,4,9,0,9,2155,655,12888,2692,815,1825,52
2020-12-30,Zachodniopomorskie,996,5,30,0,30,1354,680,13102,2867,1073,1735,59
2020-12-31,Zachodniopomorskie,900,5,33,2,31,1436,502,13950,2594,964,1586,44
2021-01-01,Zachodniopomorskie,951,5,18,1,17,1065,1126,14209,2543,1014,1454,75
2021-01-02,Zachodniopomorskie,538,3,3,0,3,25,891,12886,1529,629,878,22
2021-01-03,Zachodniopomorskie,518,3,4,0,4,59,801,12078,1730,603,1072,55
2021-01-04,Zachodniopomorskie,436,2,3,0,3,37,537,11283,1794,548,1195,51
2021-01-05,Zachodniopomorskie,569,3,8,0,8,2832,410,12273,2251,686,1518,47
2021-01-06,Zachodniopomorskie,921,5,30,1,29,1418,321,12698,3126,986,2081,59
2021-01-07,Zachodniopomorskie,1324,7,18,0,18,30,703,11857,3323,1415,1819,89
2021-01-08,Zachodniopomorskie,554,3,15,0,15,1754,949,12879,2138,710,1377,51
2021-01-09,Zachodniopomorskie,843,4,37,1,36,1334,1005,12852,3304,1098,2109,97
2021-01-10,Zachodniopomorskie,936,5,13,1,12,33,819,11850,2649,989,1581,79
2021-01-11,Zachodniopomorskie,570,3,5,0,5,19,530,11267,1954,660,1208,86
2021-01-12,Zachodniopomorskie,400,2,9,1,8,1792,672,12345,2601,578,1966,57
2021-01-13,Zachodniopomorskie,700,4,42,5,37,1040,500,12908,4066,795,3184,87
2021-01-14,Zachodniopomorskie,788,4,28,1,27,985,604,13440,4356,849,3435,72
2021-01-15,Zachodniopomorskie,749,4,26,2,24,862,1011,13442,4153,893,3178,82
2021-01-16,Zachodniopomorskie,629,3,31,0,31,865,1221,13242,3184,818,2288,78
2021-01-17,Zachodniopomorskie,324,1,20,1,19,16,623,12649,2990,477,2451,62
2021-01-18,Zachodniopomorskie,292,1,1,0,1,7,919,12197,1449,318,1100,31
2021-01-19,Zachodniopomorskie,392,2,14,0,14,1252,853,12560,2498,483,1959,56
2021-01-20,Zachodniopomorskie,550,3,21,0,21,781,547,12387,2648,589,2015,44
2021-01-21,Zachodniopomorskie,469,2,26,1,25,780,464,12538,2546,522,1940,84
2021-01-22,Zachodniopomorskie,504,2,19,0,19,752,746,12485,2436,555,1829,52
2021-01-23,Zachodniopomorskie,477,2,14,0,14,734,878,12203,2321,510,1768,43
2021-01-24,Zachodniopomorskie,259,1,6,0,6,14,654,11512,1512,285,1193,34
2021-01-25,Zachodniopomorskie,130,0,0,0,0,10,642,11082,925,149,763,13
2021-01-26,Zachodniopomorskie,298,1,12,0,12,1110,372,11145,2109,338,1723,48
2021-01-27,Zachodniopomorskie,401,2,14,1,13,758,317,10706,2257,477,1728,52
2020-12-24,Łódzkie,950,3,51,10,41,1094,617,12065,3741,1059,2595,87
2020-12-25,Łódzkie,739,3,10,7,3,535,819,11603,2570,775,1742,53
2020-12-26,Łódzkie,280,1,0,0,0,30,710,10770,1148,309,804,35
2020-12-27,Łódzkie,199,0,2,1,1,17,609,10071,1196,243,923,30
2020-12-28,Łódzkie,199,0,0,0,0,22,752,9551,1126,238,869,19
2020-12-29,Łódzkie,671,2,15,0,15,1925,539,10517,3456,772,2576,108
2020-12-30,Łódzkie,801,3,36,8,28,1200,340,10617,3462,887,2476,99
2020-12-31,Łódzkie,703,2,23,2,21,1169,584,11142,3162,761,2289,112
2021-01-01,Łódzkie,704,2,25,3,22,1006,968,11262,2842,770,2005,67
2021-01-02,Łódzkie,604,2,4,2,2,21,774,9983,2299,633,1613,53
2021-01-03,Łódzkie,292,1,0,0,0,24,587,9139,1818,342,1418,58
2021-01-04,Łódzkie,287,1,0,0,0,23,324,8468,1635,337,1275,23
2021-01-05,Łódzkie,487,1,21,8,13,2066,322,9793,3321,573,2672,76
2021-01-06,Łódzkie,1058,4,125,50,75,1335,287,10697,4661,1136,3433,92
2021-01-07,Łódzkie,627,2,29,1,28,19,636,10239,2988,677,2247,64
2021-01-08,Łódzkie,546,2,50,4,46,1444,838,10556,3357,657,2626,74
2021-01-09,Łódzkie,702,2,29,1,28,1087,754,10611,4098,788,3197,113
2021-01-10,Łódzkie,573,2,7,4,3,15,599,9702,2736,607,2054,75
2021-01-11,Łódzkie,218,0,2,0,2,19,558,9103,1587,266,1275,46
2021-01-12,Łódzkie,285,1,28,11,17,1345,393,10510,3660,362,3218,80
2021-01-13,Łódzkie,567,2,43,7,36,835,326,11652,5173,628,4459,86
2021-01-14,Łódzkie,554,2,35,8,27,727,752,12074,5533,601,4848,84
2021-01-15,Łódzkie,495,2,37,8,29,724,814,11883,4857,535,4261,61
2021-01-16,Łódzkie,416,1,34,5,29,666,627,11586,4388,452,3850,86
2021-01-17,Łódzkie,351,1,5,1,4,25,551,11040,2750,376,2328,46
2021-01-18,Łódzkie,98,0,2,0,2,6,720,10807,1097,123,949,25
2021-01-19,Łódzkie,275,1,28,4,24,957,599,11513,2923,325,2535,63
2021-01-20,Łódzkie,393,1,41,7,34,725,229,11882,3219,435,2725,59
2021-01-21,Łódzkie,410,1,44,4,40,669,452,12036,3502,474,2950,78
2021-01-22,Łódzkie,351,1,23,3,20,692,537,11698,2668,404,2206,58
2021-01-23,Łódzkie,348,1,26,4,22,665,651,11390,2956,384,2530,42
2021-01-24,Łódzkie,283,1,4,2,2,18,437,10961,1983,304,1618,61
2021-01-25,Łódzkie,118,0,0,0,0,18,456,10659,1097,135,944,18
2021-01-26,Łódzkie,256,1,13,1,12,953,347,11289,2830,302,2481,47
2021-01-27,Łódzkie,392,1,32,8,24,687,134,11299,3368,435,2864,69
2020-12-24,Śląskie,1002,2,42,4,38,1457,678,14918,4273,1098,3087,88
2020-12-25,Śląskie,695,1,19,1,18,609,1375,14340,2624,738,1846,40
2020-12-26,Śląskie,285,0,2,0,2,11,821,12800,1522,335,1068,119
2020-12-27,Śląskie,279,0,3,1,2,22,845,11937,1452,307,1120,25
2020-12-28,Śląskie,224,0,4,0,4,19,923,11381,1687,280,1371,36
2020-12-29,Śląskie,823,1,40,2,38,2673,818,12872,4198,904,3244,50
2020-12-30,Śląskie,1299,2,65,2,63,1701,325,13097,5170,1411,3661,98
2020-12-31,Śląskie,1046,2,46,5,41,1576,677,13779,4565,1120,3367,78
2021-01-01,Śląskie,885,1,30,2,28,1100,1226,13644,3814,958,2776,80
2021-01-02,Śląskie,431,0,7,0,7,22,842,12076,1874,483,1348,43
2021-01-03,Śląskie,288,0,6,1,5,49,693,11407,1837,322,1490,25
2021-01-04,Śląskie,282,0,1,0,1,22,314,10753,2056,330,1676,50
2021-01-05,Śląskie,740,1,27,5,22,3072,391,12642,4971,838,4072,61
2021-01-06,Śląskie,1391,3,54,5,49,1716,356,13385,6374,1498,4769,107
2021-01-07,Śląskie,855,1,15,2,13,20,749,12805,3897,911,2908,78
2021-01-08,Śląskie,548,1,25,1,24,2028,1270,13437,4186,614,3525,47
2021-01-09,Śląskie,836,1,38,7,31,1338,1057,13229,4890,888,3926,76
2021-01-10,Śląskie,676,1,9,1,8,40,744,12306,3246,712,2479,55
2021-01-11,Śląskie,233,0,3,0,3,14,481,11748,1877,262,1571,44
2021-01-12,Śląskie,522,1,41,5,36,2042,413,13579,5290,609,4635,46
2021-01-13,Śląskie,818,1,37,3,34,1286,397,14743,7431,891,6453,87
2021-01-14,Śląskie,727,1,19,0,19,1075,764,14973,8079,784,7218,77
2021-01-15,Śląskie,601,1,42,3,39,1025,1272,14763,7184,660,6444,80
2021-01-16,Śląskie,608,1,33,2,31,994,797,14297,7365,673,6611,81
2021-01-17,Śląskie,408,0,6,1,5,34,548,13556,4991,454,4478,59
2021-01-18,Śląskie,311,0,4,1,3,5,865,13161,2195,363,1789,43
2021-01-19,Śląskie,368,0,31,2,29,1621,725,14264,3949,440,3450,59
2021-01-20,Śląskie,649,1,35,1,34,1027,298,14745,5017,710,4239,68
2021-01-21,Śląskie,489,1,27,2,25,973,508,14718,4528,577,3899,52
2021-01-22,Śląskie,488,1,33,0,33,955,806,14332,4160,532,3581,47
2021-01-23,Śląskie,529,1,30,2,28,1000,684,13621,3870,581,3240,49
2021-01-24,Śląskie,352,0,7,0,7,36,605,13134,2279,394,1859,26
2021-01-25,Śląskie,147,0,1,0,1,8,588,12740,1981,174,1772,35
2021-01-26,Śląskie,342,0,36,5,31,1668,416,13569,4033,416,3565,52
2021-01-27,Śląskie,623,1,34,2,32,1051,208,13768,4634,676,3878,80
2020-12-24,Świętokrzyskie,165,1,13,0,13,214,211,2702,1008,191,775,42
2020-12-25,Świętokrzyskie,89,0,5,1,4,108,230,2541,578,121,426,31
2020-12-26,Świętokrzyskie,82,0,4,0,4,4,118,2285,636,105,489,42
2020-12-27,Świętokrzyskie,51,0,0,0,0,0,215,2112,458,57,389,12
2020-12-28,Świętokrzyskie,55,0,0,0,0,6,122,1965,453,78,364,11
2020-12-29,Świętokrzyskie,129,1,2,1,1,445,140,2229,1063,162,875,26
2020-12-30,Świętokrzyskie,159,1,20,1,19,276,109,2381,1086,182,879,25
2020-12-31,Świętokrzyskie,193,1,10,0,10,287,133,2538,1350,238,1061,51
2021-01-01,Świętokrzyskie,192,1,8,3,5,167,213,2503,1302,268,997,37
2021-01-02,Świętokrzyskie,98,0,0,0,0,1,138,2261,863,142,689,32
2021-01-03,Świętokrzyskie,77,0,0,0,0,8,86,2123,771,109,651,11
2021-01-04,Świętokrzyskie,59,0,1,0,1,2,98,1979,688,88,585,15
2021-01-05,Świętokrzyskie,88,0,3,1,2,510,56,2335,1145,105,1015,25
2021-01-06,Świętokrzyskie,218,1,12,0,12,267,65,2525,1554,255,1236,63
2021-01-07,Świętokrzyskie,181,1,3,0,3,0,148,2407,1049,205,808,36
2021-01-08,Świętokrzyskie,89,0,3,0,3,325,182,2574,1066,133,908,25
2021-01-09,Świętokrzyskie,154,1,13,1,12,225,219,2531,1562,192,1335,35
2021-01-10,Świętokrzyskie,151,1,1,0,1,4,176,2328,1072,169,865,38
2021-01-11,Świętokrzyskie,97,0,0,0,0,1,108,2218,746,108,620,18
2021-01-12,Świętokrzyskie,108,0,11,1,10,349,85,2476,1389,144,1214,31
2021-01-13,Świętokrzyskie,131,1,12,1,11,225,81,2718,2566,170,2357,39
2021-01-14,Świętokrzyskie,164,1,4,1,3,186,125,2786,2608,199,2331,78
2021-01-15,Świętokrzyskie,127,1,9,1,8,177,244,2770,2047,154,1833,60
2021-01-16,Świętokrzyskie,120,0,2,0,2,193,148,2725,2398,149,2213,36
2021-01-17,Świętokrzyskie,125,1,1,0,1,2,106,2545,1625,148,1442,35
2021-01-18,Świętokrzyskie,73,0,0,0,0,1,187,2382,853,88,745,20
2021-01-19,Świętokrzyskie,77,0,4,0,4,247,162,2601,1466,111,1349,6
2021-01-20,Świętokrzyskie,125,1,13,0,13,162,81,2739,1515,142,1335,38
2021-01-21,Świętokrzyskie,147,1,26,3,23,175,121,2869,1245,174,1037,34
2021-01-22,Świętokrzyskie,125,1,8,1,7,153,131,2828,1263,149,1089,25
2021-01-23,Świętokrzyskie,90,0,15,3,12,174,176,2805,1033,106,907,20
2021-01-24,Świętokrzyskie,81,0,1,0,1,4,127,2748,950,95,831,24
2021-01-25,Świętokrzyskie,40,0,0,0,0,0,135,2627,619,51,553,15
2021-01-26,Świętokrzyskie,86,0,5,0,5,278,108,2764,1211,135,1049,27
2021-01-27,Świętokrzyskie,97,0,4,0,4,172,84,2723,1397,118,1257,22
